{"source":"hand-traced land/water boundary (PCA tangent + geometry/open-water-ray side) + manual 3D-verified flips","count":70,"headings":[2.51129,2.51129,6.13217,2.48722,5.33655,2.48722,2.98905,2.46131,2.46131,2.51129,5.04959,2.46131,3.74383,2.98905,3.74383,5.04959,2.98905,6.81091,2.46131,2.4367,2.46829,2.47045,2.46735,2.46829,2.4367,-0.13179,-0.62619,-0.13179,-0.62619,-0.62619,-0.13179,-0.57836,-0.57836,-0.13179,-0.57836,-0.68614,-0.68614,-0.6547,-0.6547,-0.68532,-0.68946,-0.68946,-0.70076,-0.70076,-0.61028,-0.62285,-0.62285,-0.62285,-1.36949,-0.57836,-0.62619,0.24188,5.6178,-0.92723,-0.92723,-0.66377,-0.66377,-0.65475,-0.65475,-0.65475,-0.67563,2.54181,2.54181,2.54181,2.48132,2.47211,2.47062,2.47062,2.47062,2.47062]}