{"source":"crane-row tangent + aerial water side","count":70,"headings":[2.47676,-0.66484,2.45616,2.44811,2.45136,2.44811,2.47519,2.46494,2.46494,2.50281,2.45616,2.45376,3.54762,2.47519,3.54762,2.45616,2.47519,2.45136,2.46494,2.47895,2.49115,2.48402,2.47895,2.49115,2.47895,-0.19644,-0.64933,-0.19644,-0.65434,-0.64933,-0.19644,-0.71437,-0.71437,-0.19644,-0.71437,-0.68325,-0.68325,-0.68325,-0.68325,-0.65106,-0.65106,-0.65106,-0.65358,-0.67435,-0.6451,-0.63321,-0.63321,-0.63321,-0.68915,-0.71279,-0.65434,-0.63588,-0.63588,-0.66549,-0.66549,-0.66549,-0.66549,-0.68237,-0.68237,-0.68237,-0.68237,2.47735,2.47735,2.47735,2.47735,2.50401,2.50401,2.50401,2.50208,2.50208]}