{"source":"basemap-khh.jpg brightness","count":70,"headings":[-3.80995,-0.66836,1.47496,-3.80995,1.47496,-3.80995,2.13987,-3.80995,-3.80995,2.597,1.15265,-3.80995,-1.00173,2.13987,-1.00173,1.15265,2.13987,1.47496,-3.80995,2.46943,2.43203,-2.25188,2.46943,2.43203,2.46943,-2.28241,-0.67216,0.85918,-0.67216,-0.67216,0.85918,-0.67216,-0.67216,0.85918,-0.67216,-3.08943,-3.08943,0.05216,0.05216,0.05216,0.05216,0.05216,0.05216,0.05216,0.05216,-0.67216,-0.67216,-0.67216,0.05216,-0.67216,-0.67216,0.61537,0.61537,-0.62491,-0.62491,-0.62491,-0.62491,-0.62491,-0.62491,3.75696,3.75696,0.83692,3.97851,3.97851,3.97851,2.51668,2.51668,2.51668,2.51668,2.51668]}